"FilingID","ReferenceID","Private Fund Name","Fund ID"
2007644,425166,"FINCH BAY CAPITAL FUND LP",805-7178804854
2007644,425166,"FINCH BAY CAPITAL FUND LIMITED",805-6215429328
2006287,377733,"SHIPROCK CAPITAL LIMITED",805-1653021161
2006287,377733,"SHIPROCK FEEDER FUND LP",805-6576330788
1999631,250267,"DARWIN GLOBAL FUND, LP",805-3569282355
1999631,250267,"DARWIN GLOBAL OFFSHORE FUND, LTD.",805-1263390463
2006356,18034,"CLEAN RESOURCES ASIA GROWTH FUND FEEDER L.P.",805-2143010471
2006922,490793,"ASPIRITY PARTNERS I FEEDER ILP",805-3835663906
2006456,159014,"ICG EUROPE FUND VI FEEDER LIMITED PARTNERSHIP",805-9171157256
2006456,21306,"ICG EUROPE FUND V FEEDER LIMITED PARTNERSHIP",805-3305782882
2007207,313557,"FILTER CAPITAL FUND I LTD",805-1470270807
2002790,435256,"BEX FUND V EURO FEEDER",805-2160124654
2002790,435255,"BEX FUND IV EURO FEEDER",805-7753784521
2008547,491251,"VISTARA TECHNOLOGY GROWTH FUND (INTERNATIONAL) V, LP",805-4195435033
2008547,491251,"VISTARA TECHNOLOGY GROWTH FUND V, LLC",805-1511662018
2004963,437691,"HALO CAPITAL OFFSHORE FUND I LP",805-3396025451
2004963,437691,"HALO CAPITAL FUND I LP",805-1396733283
2009320,283049,"IN-DEPTH PARTNERS GLOBAL EQUITIES LLC",805-2546288980
2009320,283049,"IN-DEPTH PARTNERS GLOBAL EQUITIES LTD",805-1827322488
2008784,280536,"CAPULA MULTI STRATEGY TRUST",805-7279431445
2008784,252188,"CAPULA TACTICAL MACRO FUND LIMITED",805-2980399972
2008784,252188,"CAPULA TACTICAL MACRO TRUST",805-4963989445
2008784,32066,"CAPULA GRV III LIMITED",805-4665177252
2008784,32066,"CAPULA GLOBAL RELATIVE VALUE TRUST",805-6820198155
2008784,32149,"CAPULA TAIL RISK FUND LIMITED",805-9903304586
2008784,32149,"CAPULA TAIL RISK TRUST",805-2760619751
2008784,32149,"CAPULA TRF II LIMITED",805-6881383654
2008784,32149,"CAPULA DEFENSIVE EQUITY TRUST",805-7933554890
2008784,32066,"CAPULA GLOBAL RELATIVE VALUE FUND L.P.",805-3454369038
2008784,32149,"CAPULA TRF III LP",805-4068392554
2008784,280536,"CAPULA MULTI STRATEGY FUND LIMITED",805-4044430695
2008784,32149,"CAPULA DEFENSIVE EQUITY FUND LIMITED",805-9548113508
2008784,280536,"CAPULA MULTI STRATEGY I LIMITED",805-2646479353
2008784,269362,"CAPULA ENHANCED FIXED INCOME TRUST",805-8049741955
2008784,269362,"CAPULA EFI I LIMITED",805-6632758963
2008784,269362,"CAPULA EFI II LIMITED",805-8895731176
2008784,269363,"CAPULA VOLATILITY OPPORTUNITIES TRUST",805-5003535440
2008784,269363,"CAPULA VOLATILITY OPPORTUNITIES FUND LIMITED",805-8228558787
2008784,32066,"CAPULA GLOBAL RELATIVE VALUE FUND LIMITED",805-5717491750
2009690,426599,"HALSTED AGGREGATOR, L.P.",805-9317351807
2007384,193703,"INHERENT ESG OPPORTUNITY OFFSHORE FEEDER, LTD.",805-9173922571
2007384,193703,"INHERENT ESG OPPORTUNITY INTERMEDIATE PARTNERSHIP, LP",805-4648740768
2007384,193703,"INHERENT ESG OPPORTUNITY, LP",805-5043518815
2008177,487506,"AGAVE GLOBAL MACRO FUND LP",805-4850918965
2008177,487506,"AGAVE GLOBAL MACRO FUND LIMITED",805-2350719620
2010034,420574,"SINGULARITY TECH FUND",805-1918924861
2010034,420567,"CLOUDALPHA TECH FUND",805-2999209403
2010046,178808,"ARMATUS MARKET NEUTRAL OFFSHORE FUND, LTD",805-8253615179
2010046,178808,"ARMATUS MARKET NEUTRAL FUND, LLC",805-1122793693
2010074,310616,"COUNTERWAVE CAPITAL PARTNERS LP",805-6048088143
2007043,177778,"MEDCAP GROWTH EQUITY FUND I LP",805-8841332512
2007043,177778,"MEDCAP GROWTH EQUITY LUXEMBOURG FUND I SCS",805-9706201886
2007043,177778,"MEDCAP GROWTH EQUITY OFFSHORE FUND I LP",805-4972729088
2006452,488455,"ICG EUROPE FUND IX FEEDER SCSP",805-2402533723
2006452,488127,"ICG METROPOLITAN II SCA SICAV-RAIF",805-7046660417
2006452,488335,"SPRINKLER 2024 CO-INVESTMENT I (FEEDER) SCSP",805-3794054679
2006452,488126,"ICG METROPOLITAN II SCA SICAV-RAIF",805-7046660417
2006452,488118,"ICG LUDGATE HILL (FEEDER) SCSP",805-7898043551
2006452,488119,"ICG LUDGATE HILL (FEEDER B) SCSP",805-2441449166
2006452,488128,"ICG METROPOLITAN CO-INVEST SCSP",805-9049436527
2006452,488128,"ICG METROPOLITAN AP II SCSP",805-2798210711
2006452,488518,"ICG SRE SMA SCSP",805-3844967364
2006452,364879,"ICG EUROPE MID-MARKET FUND II FEEDER SCSP",805-9083521879
2006452,310472,"ICG EUROPE FUND VIII FEEDER SCSP",805-9342186956
2006452,246670,"ICG SALE AND LEASEBACK (JERSEY) FEEDER LP",805-7605839023
2006452,246509,"ICG EUROPE MID-MARKET FUND FEEDER SCSP",805-6044350859
2006452,205557,"ICG EUROPE FUND VII FEEDER SCSP",805-8045665842
2006452,246662,"ICG INFRASTRUCTURE EQUITY FUND I FEEDER SCSP",805-5463943916
2006452,269855,"ICG RECOVERY FUND II FEEDER SCSP",805-1255148299
2006452,269708,"ICG REAL ESTATE DEBT VI FEEDER SCSP",805-8372151837
2006452,422087,"ICG SRE SMA SCSP",805-1497532042
2006452,422095,"ICG SRE II (EUR) SCSP",805-7330086292
2006452,422090,"ICG METROPOLITAN II (USD) SCSP",805-4848376526
2006452,422090,"ICG METROPOLITAN II (EUR) SCSP",805-6934694132
2006452,422095,"ICG SRE II (USD) SCSP",805-2762182066
2006452,488338,"ICG SE V (EUR FEEDER) SCSP",805-8777512934
1999682,488504,"ATLAS GROVE SPECIAL OPPORTUNITIES II OFFSHORE (CAYMAN) LP",805-4628189990
1999682,488504,"ATLAS GROVE SPECIAL OPPORTUNITIES II (SIF) LP",805-1989987064
1999682,489834,"ATLAS GROVE SPECIAL OPPORTUNITIES II OFFSHORE (CAYMAN) LP",805-4628189990
1999682,489834,"ATLAS GROVE SPECIAL OPPORTUNITIES II (SIF) LP",805-1989987064
1999682,489834,"ATLAS GROVE SPECIAL OPPORTUNITIES II LP",805-6079147757
1999682,488504,"ATLAS GROVE SPECIAL OPPORTUNITIES II LP",805-6079147757
2004063,369327,"WAVEMAKER SEA SPV2 SPC - SEGREGATED PORTFOLIO 7",805-9103929089
1996021,487787,"RBI LENDING FUND INTL, LTD",805-6157774384
1996021,487787,"RBI LENDING FUND US, LLC",805-4543112269
2009787,487202,"ZAKARA BIOTECHNOLOGY FUND, LP",805-4675853343
2009787,487202,"ZAKARA BIOTECHNOLOGY FUND LTD.",805-2886837969
2006404,277964,"THE PHAROS (CAYMAN) FUND LIMITED PARTNERSHIP",805-5379027065
2006404,277964,"PHAROS FEEDER FUND SEGREGATED PORTFOLIO COMPANY",805-2356129709
2010970,6641,"BUYOUTS C&C 2010A LP",805-1520191353
2010970,6882,"3I GROWTH CAPITAL F LP",805-9030416184
2006657,228612,"JUNIPER NEW MEXICO, LLC",805-7320198598
2006912,421132,"ARROWPOINT US FEEDER FUND",805-5921718730
2006912,421132,"ARROWPOINT OFFSHORE FEEDER FUND",805-2372702196
2010625,77313,"TIMBERLAND FUND I B LLC",805-1618933692
2010625,33292,"BTG PACTUAL BRAZIL INVESTMENT FUND I, LP",805-3889172477
2010625,33292,"BTG PACTUAL BRAZIL INVESTMENT FUND IA, LP",805-9380102789
2010625,33292,"BTG PACTUAL BRAZIL INVESTMENT FUND IB, LP",805-3429269911
2010625,53869,"BTG PACTUAL INFRASTRUCTURE IIA, LP",805-2089926899
2010625,53869,"BTG PACTUAL INFRASTRUCTURE II, LP",805-1341029276
2010625,53869,"BTG PACTUAL INFRASTRUCTURE IIB, LP",805-1095235369
2010625,77313,"TIMBERLAND FUND I LLC",805-8253355374
2010625,77313,"TIMBERLAND FUND I D  LL",805-5035036871
2010625,77313,"TIMBERLAND FUND I A LLC",805-1131900016
2007300,491192,"LOVE OFFSHORE FUND (LTD)",805-8104798472
2007300,491192,"LOVE ONSHORE FUND LP",805-2215065113
2009010,367989,"VIDIA CLIMATE FUND I FEEDER GMBH & CO. KG",805-9346866224
2013131,215327,"DL PARTNERS OPPORTUNITIES FUND LP",805-6995939471
2013131,215327,"DL PARTNERS OPPORTUNITIES FUND LTD",805-9675988244
2011225,191739,"HEWES FUND, LP",805-7577859559
2011553,292347,"CLAYMORE CAPITAL PARTNERS FUND I, LP",805-2446600690
2011553,292347,"CLAYMORE CAPITAL PARTNERS FUND I-A, LP",805-3030013850
2011292,420018,"CHEPSTOW CREDIT OPPORTUNITIES FUND LP",805-5338057102
2011292,420018,"CHEPSTOW CREDIT OPPORTUNITIES FUND LTD",805-8657924784
